{"cameraMode":{"drawMode":0,"name":"Shaded","section":"Shading Mode"},"sceneLighting":true,"audioPlay":false,"sceneViewState":{"m_AlwaysRefresh":false,"showFog":true,"showSkybox":true,"showFlares":true,"showImageEffects":true,"showParticleSystems":true,"showVisualEffectGraphs":true,"m_FxEnabled":true},"in2DMode":false,"pivot":{"x":-1.7298095226287842,"y":0.2685399651527405,"z":-1.9852253198623658},"rotation":{"x":0.04326464980840683,"y":0.22288671135902406,"z":-0.009902155958116055,"w":0.9738337397575378},"size":1.0260981321334839,"orthographic":false}