{"cameraMode":{"drawMode":0,"name":"Shaded","section":"Shading Mode"},"sceneLighting":true,"audioPlay":false,"sceneViewState":{"m_AlwaysRefresh":false,"showFog":true,"showSkybox":true,"showFlares":true,"showImageEffects":true,"showParticleSystems":true,"showVisualEffectGraphs":true,"m_FxEnabled":true},"in2DMode":false,"pivot":{"x":8.023831367492676,"y":3.585507392883301,"z":5.0594024658203129},"rotation":{"x":0.017162330448627473,"y":-0.9732941389083862,"z":0.07753993570804596,"w":0.21539509296417237},"size":5.08684778213501,"orthographic":true}